Index,frame_id,time,hash,signature
0,1,2023-08-08 20:27:35,b'86e33e44fd78b46a1e84eab76daef27d5a8073d94d7867acee64f16f08799f87',"b'\xd8\xd3:\x98N\xb7H\x81\xd2[\x9a\n\t\x13_\x10K#\xb6h""1\xde\xc8\x99\x9e\xe9\xba""HrL/\xf0\x0b\x0c\x88\xac\xbd\xa1\xc2\xa7n\xef@\x9b\xcd\xbeP\xca\x8e\xca\x1a\x83\xdc\xd0\xa6\x82\x91K<}\xf1\x07'"
1,2,2023-08-08 20:27:35,,
2,3,2023-08-08 20:27:35,,
3,4,2023-08-08 20:27:35,,
4,5,2023-08-08 20:27:35,,
5,6,2023-08-08 20:27:35,,
6,7,2023-08-08 20:27:35,,
7,8,2023-08-08 20:27:35,,
8,9,2023-08-08 20:27:35,,
9,10,2023-08-08 20:27:35,,
10,11,2023-08-08 20:27:36,b'b1594d4dfa61cb13fcdb45a8d0eef5b05dc8f63970ff2f06a0847cf3c45826f4',"b'*L_59|\x92\x8b\xa1\x9f0\x00\xcc\xe5\x05\xdc\x1e2\n\x99\x1f\xabI\xc2\n\x98""\x1b\x8b\x00\xf3\xe9<e-@\x9ax\x150%\x84\xe1\x01Y\xf7\x0bi!\xd7\xd4\xb9\x11\x01\xfd\xef\xc8\x8b<\xf2r\xb1\xad\''"
11,12,2023-08-08 20:27:36,,
12,13,2023-08-08 20:27:36,,
13,14,2023-08-08 20:27:36,,
14,15,2023-08-08 20:27:36,,
15,16,2023-08-08 20:27:36,,
16,17,2023-08-08 20:27:36,,
17,18,2023-08-08 20:27:36,,
18,19,2023-08-08 20:27:36,,
19,20,2023-08-08 20:27:36,,
20,21,2023-08-08 20:27:36,b'19d21c95bae6f510a452094ab577b3478aeae04d13c8b332d1b35b46123e83ab',b'\xf4\xe5\xc4\xed\xc7/G`.\xf8\xde\x1bQ\x01rZ\x7f\xdd^\x04\xa3F\xaa\x1dqO\x9e0\xa1-\x0e\xb5\x15\x00P\xca\xe6\xb5\rB\xa4\xb0H\xe4k\xcc\xa0#\x01tI]j\xdd\xa9\x8f\xc0q3\xcdV\x16&\\'
21,22,2023-08-08 20:27:36,,
22,23,2023-08-08 20:27:36,,
23,24,2023-08-08 20:27:36,,
24,25,2023-08-08 20:27:36,,
25,26,2023-08-08 20:27:37,,
26,27,2023-08-08 20:27:37,,
27,28,2023-08-08 20:27:37,,
28,29,2023-08-08 20:27:37,,
29,30,2023-08-08 20:27:37,,
30,31,2023-08-08 20:27:37,,
31,32,2023-08-08 20:27:37,,
32,33,2023-08-08 20:27:37,,
33,34,2023-08-08 20:27:37,,
34,35,2023-08-08 20:27:37,,
35,36,2023-08-08 20:27:37,,
36,37,2023-08-08 20:27:37,,
37,38,2023-08-08 20:27:37,,
38,39,2023-08-08 20:27:37,,
39,40,2023-08-08 20:27:37,,
40,41,2023-08-08 20:27:38,,
41,42,2023-08-08 20:27:38,,
42,43,2023-08-08 20:27:38,,
43,44,2023-08-08 20:27:38,,
44,45,2023-08-08 20:27:38,,
45,46,2023-08-08 20:27:38,,
46,47,2023-08-08 20:27:38,,
47,48,2023-08-08 20:27:38,,
48,49,2023-08-08 20:27:38,,
49,50,2023-08-08 20:27:38,,
50,51,2023-08-08 20:27:38,,
51,52,2023-08-08 20:27:38,,
52,53,2023-08-08 20:27:38,,
53,54,2023-08-08 20:27:38,,
54,55,2023-08-08 20:27:38,,
55,56,2023-08-08 20:27:39,,
56,57,2023-08-08 20:27:39,,
57,58,2023-08-08 20:27:39,,
58,59,2023-08-08 20:27:39,,
59,60,2023-08-08 20:27:39,,
60,61,2023-08-08 20:27:39,,
61,62,2023-08-08 20:27:39,,
62,63,2023-08-08 20:27:39,,
63,64,2023-08-08 20:27:39,,
64,65,2023-08-08 20:27:39,,
65,66,2023-08-08 20:27:39,,
66,67,2023-08-08 20:27:39,,
67,68,2023-08-08 20:27:39,,
68,69,2023-08-08 20:27:39,,
69,70,2023-08-08 20:27:39,,
70,71,2023-08-08 20:27:40,,
71,72,2023-08-08 20:27:40,,
72,73,2023-08-08 20:27:40,,
73,74,2023-08-08 20:27:40,,
74,75,2023-08-08 20:27:40,,
75,76,2023-08-08 20:27:40,,
76,77,2023-08-08 20:27:40,,
77,78,2023-08-08 20:27:40,,
78,79,2023-08-08 20:27:40,,
79,80,2023-08-08 20:27:40,,
80,81,2023-08-08 20:27:40,,
81,82,2023-08-08 20:27:40,,
82,83,2023-08-08 20:27:40,,
